-90.70,
-90.70,
-90.70,
-90.62,
-90.44,
-90.09,
-89.38,
-87.98,
-85.87,
-83.14,
-79.72,
-75.50,
-70.75,
-65.13,
-58.89,
-51.94,
-44.47,
-36.56,
-28.30,
-19.86,
-11.25,
-2.55,
6.24,
15.12,
23.73,
32.34,
40.34,
47.81,
54.58,
60.73,
66.01,
70.58,
74.44,
77.43,
79.80,
81.39,
82.18,
82.18,
81.47,
80.07,
77.96,
75.06,
71.54,
67.32,
62.31,
56.69,
50.36,
43.51,
35.86,
28.04,
19.78,
11.43,
2.99,
-5.19,
-13.36,
-21.27,
-29.00,
-36.39,
-43.33,
-49.75,
-55.55,
-60.64,
-65.04,
-68.55,
-71.37,
-73.39,
-74.71,
-75.15,
-74.97,
-74.00,
-72.42,
-70.14,
-67.15,
-63.54,
-59.24,
-54.32,
-48.69,
-42.71,
-36.12,
-29.27,
-22.15,
-14.85,
-7.38,
0.09,
7.73,
15.21,
22.68,
29.79,
36.65,
42.80,
48.52,
53.44,
57.74,
61.35,
64.25,
66.45,
67.94,
68.64,
68.73,
68.03,
66.71,
64.78,
62.05,
58.80,
54.84,
50.27,
45.09,
39.38,
33.22,
26.63,
19.78,
12.74,
5.62,
-1.41,
-8.44,
-15.21,
-21.80,
-28.12,
-34.19,
-39.73,
-44.82,
-49.31,
-53.17,
-56.43,
-58.97,
-60.73,
-61.79,
-62.23,
-61.88,
-60.91,
-59.33,
-57.04,
-54.23,
-50.80,
-46.85,
-42.28,
-37.35,
-31.90,
-26.19,
-20.21,
-14.15,
-7.82,
-1.49,
5.01,
11.34,
17.67,
23.64,
29.53,
34.80,
39.73,
44.03,
47.81,
50.98,
53.44,
55.28,
56.51,
57.04,
56.95,
56.25,
54.93,
53.00,
50.54,
47.46,
43.77,
39.55,
34.98,
29.88,
24.43,
18.72,
12.83,
6.86,
0.97,
-5.01,
-10.72,
-16.35,
-21.71,
-26.89,
-31.64,
-36.04,
-39.90,
-43.33,
-46.14,
-48.43,
-50.01,
-51.06,
-51.42,
-51.15,
-50.27,
-48.87,
-46.93,
-44.38,
-41.40,
-37.88,
-33.93,
-29.71,
-25.05,
-20.21,
-15.12,
-9.93,
-4.57,
0.70,
6.15,
11.43,
16.61,
21.53,
26.28,
30.59,
34.45,
37.88,
40.78,
43.15,
44.91,
46.14,
46.76,
46.85,
46.32,
45.26,
43.59,
41.57,
38.94,
35.86,
32.34,
28.39,
24.08,
19.60,
14.85,
10.02,
5.01,
0.09,
-4.83,
-9.58,
-14.24,
-18.63,
-22.85,
-26.72,
-30.23,
-33.40,
-36.12,
-38.32,
-40.08,
-41.22,
-41.84,
-41.92,
-41.48,
-40.61,
-39.20,
-37.35,
-35.07,
-32.34,
-29.36,
-25.93,
-22.24,
-18.28,
-14.24,
-9.93,
-5.62,
-1.23,
3.16,
7.56,
11.87,
16.00,
19.86,
23.55,
26.81,
29.79,
32.26,
34.37,
35.95,
37.00,
37.62,
37.71,
37.35,
36.47,
35.16,
33.49,
31.38,
28.74,
25.93,
22.76,
19.25,
15.56,
11.69,
7.73,
3.78,
-0.26,
-4.22,
-8.09,
-11.78,
-15.38,
-18.72,
-21.88,
-24.61,
-27.16,
-29.18,
-30.94,
-32.17,
-33.13,
-33.49,
-33.49,
-33.13,
-32.26,
-31.11,
-29.53,
-27.69,
-25.49,
-22.94,
-20.21,
-17.23,
-14.06,
-10.72,
-7.29,
-3.78,
-0.35,
3.25,
6.68,
10.11,
13.36,
16.35,
19.16,
21.71,
23.91,
25.75,
27.33,
28.39,
29.18,
29.44,
29.36,
28.92,
28.04,
26.89,
25.31,
23.55,
21.45,
19.07,
16.44,
13.62,
10.72,
7.56,
4.48,
1.32,
-1.76,
-4.83,
-7.82,
-10.72,
-13.36,
-15.82,
-18.11,
-20.21,
-21.88,
-23.38,
-24.52,
-25.31,
-25.75,
-25.93,
-25.66,
-25.22,
-24.35,
-23.29,
-21.88,
-20.30,
-18.46,
-16.44,
-14.15,
-11.78,
-9.32,
-6.68,
-4.04,
-1.32,
1.41,
4.13,
6.68,
9.23,
11.51,
13.71,
15.73,
17.49,
18.98,
20.13,
21.09,
21.71,
21.88,
21.88,
21.62,
21.01,
20.13,
18.98,
17.58,
16.08,
14.24,
12.30,
10.28,
8.09,
5.80,
3.52,
1.14,
-1.23,
-3.52,
-5.71,
-7.82,
-9.76,
-11.69,
-13.36,
-14.77,
-16.08,
-17.14,
-17.93,
-18.54,
-18.81,
-18.90,
-18.72,
-18.37,
-17.75,
-16.87,
-15.91,
-14.77,
-13.45,
-11.95,
-10.37,
-8.61,
-6.86,
-4.92,
-3.08,
-1.14,
0.79,
2.72,
4.57,
6.33,
8.00,
9.49,
10.90,
12.13,
13.10,
13.89,
14.50,
14.94,
15.12,
15.03,
14.77,
14.33,
13.71,
12.92,
12.04,
10.90,
9.67,
8.35,
7.03,
5.45,
3.96,
2.37,
0.79,
-0.79,
-2.29,
-3.78,
-5.19,
-6.50,
-7.73,
-8.88,
-9.84,
-10.63,
-11.34,
-11.78,
-12.13,
-12.30,
-12.30,
-12.13,
-11.78,
-11.34,
-10.72,
-10.02,
-9.23,
-8.35,
-7.38,
-6.33,
-5.27,
-4.04,
-2.90,
-1.58,
-0.44,
0.79,
1.93,
3.08,
4.13,
5.10,
5.98,
6.77,
7.47,
7.91,
8.35,
8.61,
8.79,
8.79,
8.61,
8.35,
8.09,
7.65,
7.12,
6.50,
5.80,
5.10,
4.31,
3.52,
2.64,
1.85,
0.88,
0.09,
-0.79,
-1.67,
-2.37,
-3.16,
-3.78,
-4.39,
-4.92,
-5.36,
-5.71,
-5.98,
-6.15,
-6.24,
-6.15,
-6.06,
-5.89,
-5.71,
-5.36,
-5.10,
-4.75,
-4.22,
-3.78,
-3.25,
-2.72,
-2.20,
-1.67,
-1.14,
-0.62,
-0.09,
0.44,
0.88,
1.32,
1.76,
2.11,
2.37,
2.55,
2.72,
2.90,
2.90,
2.90,
2.81,
2.72,
2.64,
2.46,
2.29,
2.11,
1.93,
1.76,
1.49,
1.32,
1.05,
0.79,
0.53,
0.26,
0.09,
-0.18,
-0.35,
-0.53,
-0.70,
-0.88,
-0.97,
-1.05,
-1.14,
-1.05,
-1.14,
-1.05,
-1.05,
-0.97,
-0.97,
-0.88,
-0.88,
-0.88,
-0.88,
-0.88,
-0.79,
-0.79,
-0.79,
-0.88,
-0.88,
-0.88,
-0.88,
-0.79,
-0.79,
-0.88,
-0.79,
-0.88,
-0.88,
-0.88,
-0.88,
-0.79,
-0.88,
-0.88,
-0.88,
-0.79,
-0.79,
-0.79,
-0.88,
-0.88,
-0.88,
-0.88,
-0.79,
-0.88,
-0.88,
-0.79,
-0.79,
-0.88,
-0.88,
-0.88,
-0.88,
-0.88,
-0.88,
-0.88,
-0.88,
-0.88,
-0.88,
-0.79,
-0.88,
-0.88,
-0.88,
-0.88,
-0.79,
-0.88,
-0.79,
-0.79,
-0.88,